[    {        "fields": {            "ctime": "2012-07-02T21:50:33",            "did": "1",            "utime": "2012-07-02T21:50:33"        },        "model": "base.inbox",        "pk": 1    },    {        "fields": {            "ctime": "2012-07-02T21:50:35",            "did": "2",            "utime": "2012-07-02T21:50:35"        },        "model": "base.inbox",        "pk": 2    },    {        "fields": {            "ctime": "2012-07-02T21:50:37",            "did": "3",            "utime": "2012-07-02T21:50:37"        },        "model": "base.inbox",        "pk": 3    },    {        "fields": {            "ctime": "2012-07-02T21:50:39",            "did": "4",            "utime": "2012-07-02T21:50:39"        },        "model": "base.inbox",        "pk": 4    },    {        "fields": {            "ctime": "2012-07-02T21:50:58",            "did": "5",            "utime": "2012-07-02T21:50:58"        },        "model": "base.inbox",        "pk": 5    },    {        "fields": {            "ctime": "2012-07-02T21:50:58",            "did": "6",            "utime": "2012-07-02T21:50:58"        },        "model": "base.inbox",        "pk": 6    },    {        "fields": {            "ctime": "2012-07-02T21:50:58",            "did": "7",            "utime": "2012-07-02T21:50:58"        },        "model": "base.inbox",        "pk": 7    },    {        "fields": {            "ctime": "2012-07-02T21:50:58",            "did": "8",            "utime": "2012-07-02T21:50:58"        },        "model": "base.inbox",        "pk": 8    },    {        "fields": {            "ctime": "2012-07-02T21:50:58",            "did": "9",            "utime": "2012-07-02T21:50:58"        },        "model": "base.inbox",        "pk": 9    },    {        "fields": {            "ctime": "2012-07-02T21:50:58",            "did": "10",            "utime": "2012-07-02T21:50:58"        },        "model": "base.inbox",        "pk": 10    },    {        "fields": {            "ctime": "2012-07-02T21:50:58",            "did": "11",            "utime": "2012-07-02T21:50:58"        },        "model": "base.inbox",        "pk": 11    },    {        "fields": {            "ctime": "2012-07-02T21:50:58",            "did": "12",            "utime": "2012-07-02T21:50:58"        },        "model": "base.inbox",        "pk": 12    },    {        "fields": {            "ctime": "2012-07-02T21:50:58",            "did": "13",            "utime": "2012-07-02T21:50:58"        },        "model": "base.inbox",        "pk": 13    },    {        "fields": {            "ctime": "2012-07-02T21:50:58",            "did": "14",            "utime": "2012-07-02T21:50:58"        },        "model": "base.inbox",        "pk": 14    },    {        "fields": {            "ctime": "2012-07-02T21:50:58",            "did": "15",            "utime": "2012-07-02T21:50:58"        },        "model": "base.inbox",        "pk": 15    },    {        "fields": {            "ctime": "2012-07-02T21:50:58",            "did": "16",            "utime": "2012-07-02T21:50:58"        },        "model": "base.inbox",        "pk": 16    },    {        "fields": {            "ctime": "2012-07-02T21:50:58",            "did": "17",            "utime": "2012-07-02T21:50:58"        },        "model": "base.inbox",        "pk": 17    },    {        "fields": {            "ctime": "2012-07-02T21:50:58",            "did": "18",            "utime": "2012-07-02T21:50:58"        },        "model": "base.inbox",        "pk": 18    },    {        "fields": {            "ctime": "2012-07-02T21:50:58",            "did": "19",            "utime": "2012-07-02T21:50:58"        },        "model": "base.inbox",        "pk": 19    },    {        "fields": {            "ctime": "2012-07-02T21:50:58",            "did": "20",            "utime": "2012-07-02T21:50:58"        },        "model": "base.inbox",        "pk": 20    },    {        "fields": {            "ctime": "2012-07-02T21:50:58",            "did": "21",            "utime": "2012-07-02T21:50:58"        },        "model": "base.inbox",        "pk": 21    },    {        "fields": {            "ctime": "2012-07-02T21:50:58",            "did": "22",            "utime": "2012-07-02T21:50:58"        },        "model": "base.inbox",        "pk": 22    },    {        "fields": {            "ctime": "2012-07-02T21:50:58",            "did": "23",            "utime": "2012-07-02T21:50:58"        },        "model": "base.inbox",        "pk": 23    },    {        "fields": {            "ctime": "2012-07-02T21:50:58",            "did": "24",            "utime": "2012-07-02T21:50:58"        },        "model": "base.inbox",        "pk": 24    },    {        "fields": {            "ctime": "2012-07-02T21:50:58",            "did": "25",            "utime": "2012-07-02T21:50:58"        },        "model": "base.inbox",        "pk": 25    },    {        "fields": {            "body": "body save 1 update",            "ctime": "2012-07-02T19:51:40",            "subject": "subject save 1 update",            "utime": "2012-07-02T19:51:40"        },        "model": "base.message",        "pk": 1    },    {        "fields": {            "body": "body save 2 update",            "ctime": "2012-07-02T19:51:40",            "subject": "subject save 2 update",            "utime": "2012-07-02T19:51:40"        },        "model": "base.message",        "pk": 2    },    {        "fields": {            "body": "body save 1",            "ctime": "2012-07-02T19:51:43",            "subject": "subject save 1",            "utime": "2012-07-02T19:51:43"        },        "model": "base.message",        "pk": 3    },    {        "fields": {            "body": "body save 2 update",            "ctime": "2012-07-02T19:51:44",            "subject": "subject save 2 update",            "utime": "2012-07-02T19:51:44"        },        "model": "base.message",        "pk": 4    },    {        "fields": {            "body": "body save 1",            "ctime": "2012-07-02T19:51:52",            "subject": "subject save 1",            "utime": "2012-07-02T19:51:52"        },        "model": "base.message",        "pk": 5    },    {        "fields": {            "body": "body save 2 update",            "ctime": "2012-07-02T19:51:52",            "subject": "subject save 2 update",            "utime": "2012-07-02T19:51:52"        },        "model": "base.message",        "pk": 6    },    {        "fields": {            "body": "body save 1",            "ctime": "2012-07-02T19:51:54",            "subject": "subject save 1",            "utime": "2012-07-02T19:51:54"        },        "model": "base.message",        "pk": 7    },    {        "fields": {            "body": "body save 2 update",            "ctime": "2012-07-02T19:51:54",            "subject": "subject save 2 update",            "utime": "2012-07-02T19:51:54"        },        "model": "base.message",        "pk": 8    },    {        "fields": {            "body": "body save 1",            "ctime": "2012-07-02T20:05:30",            "subject": "subject save 1",            "utime": "2012-07-02T20:05:30"        },        "model": "base.message",        "pk": 9    },    {        "fields": {            "body": "body save 2 update",            "ctime": "2012-07-02T20:05:30",            "subject": "subject save 2 update",            "utime": "2012-07-02T20:05:30"        },        "model": "base.message",        "pk": 10    },    {        "fields": {            "body": "body save 1",            "ctime": "2012-07-02T20:05:32",            "subject": "subject save 1",            "utime": "2012-07-02T20:05:32"        },        "model": "base.message",        "pk": 11    },    {        "fields": {            "body": "body save 2 update",            "ctime": "2012-07-02T20:05:32",            "subject": "subject save 2 update",            "utime": "2012-07-02T20:05:32"        },        "model": "base.message",        "pk": 12    },    {        "fields": {            "body": "body save 1",            "ctime": "2012-07-02T20:14:18",            "subject": "subject save 1",            "utime": "2012-07-02T20:14:18"        },        "model": "base.message",        "pk": 13    },    {        "fields": {            "body": "body save 2 update",            "ctime": "2012-07-02T20:14:18",            "subject": "subject save 2 update",            "utime": "2012-07-02T20:14:18"        },        "model": "base.message",        "pk": 14    },    {        "fields": {            "body": "body save 1",            "ctime": "2012-07-02T20:14:21",            "subject": "subject save 1",            "utime": "2012-07-02T20:14:21"        },        "model": "base.message",        "pk": 15    },    {        "fields": {            "body": "body save 2 update",            "ctime": "2012-07-02T20:14:21",            "subject": "subject save 2 update",            "utime": "2012-07-02T20:14:21"        },        "model": "base.message",        "pk": 16    },    {        "fields": {            "body": "body save 1",            "ctime": "2012-07-02T21:02:43",            "subject": "subject save 1",            "utime": "2012-07-02T21:02:43"        },        "model": "base.message",        "pk": 17    },    {        "fields": {            "body": "body save 2 update",            "ctime": "2012-07-02T21:02:43",            "subject": "subject save 2 update",            "utime": "2012-07-02T21:02:43"        },        "model": "base.message",        "pk": 18    },    {        "fields": {            "body": "body save 1",            "ctime": "2012-07-02T21:02:46",            "subject": "subject save 1",            "utime": "2012-07-02T21:02:46"        },        "model": "base.message",        "pk": 19    },    {        "fields": {            "body": "6FBJER",            "ctime": "2012-07-02T21:02:46",            "subject": "EHTFT1",            "utime": "2012-07-09T02:07:37"        },        "model": "base.message",        "pk": 20    },    {        "fields": {            "body": "6FBJER",            "ctime": "2012-07-02T21:49:36",            "subject": "EHTFT1",            "utime": "2012-07-09T02:07:37"        },        "model": "base.message",        "pk": 21    },    {        "fields": {            "body": "6FBJER",            "ctime": "2012-07-02T21:49:36",            "subject": "EHTFT1",            "utime": "2012-07-09T02:07:37"        },        "model": "base.message",        "pk": 22    },    {        "fields": {            "body": "6FBJER",            "ctime": "2012-07-02T21:49:59",            "subject": "EHTFT1",            "utime": "2012-07-09T02:07:37"        },        "model": "base.message",        "pk": 23    },    {        "fields": {            "body": "6FBJER",            "ctime": "2012-07-02T21:49:59",            "subject": "EHTFT1",            "utime": "2012-07-09T02:07:37"        },        "model": "base.message",        "pk": 24    },    {        "fields": {            "body": "6FBJER",            "ctime": "2012-07-02T21:50:08",            "subject": "EHTFT1",            "utime": "2012-07-09T02:07:37"        },        "model": "base.message",        "pk": 25    },    {        "fields": {            "body": "6FBJER",            "ctime": "2012-07-02T21:50:08",            "subject": "EHTFT1",            "utime": "2012-07-09T02:07:37"        },        "model": "base.message",        "pk": 26    },    {        "fields": {            "body": "6FBJER",            "ctime": "2012-07-02T21:50:12",            "subject": "EHTFT1",            "utime": "2012-07-09T02:07:37"        },        "model": "base.message",        "pk": 27    },    {        "fields": {            "body": "6FBJER",            "ctime": "2012-07-02T21:50:12",            "subject": "EHTFT1",            "utime": "2012-07-09T02:07:37"        },        "model": "base.message",        "pk": 28    },    {        "fields": {            "body": "6FBJER",            "ctime": "2012-07-02T21:51:36",            "subject": "EHTFT1",            "utime": "2012-07-09T02:07:37"        },        "model": "base.message",        "pk": 29    },    {        "fields": {            "body": "6FBJER",            "ctime": "2012-07-02T21:51:36",            "subject": "EHTFT1",            "utime": "2012-07-09T02:07:37"        },        "model": "base.message",        "pk": 30    },    {        "fields": {            "body": "6FBJER",            "ctime": "2012-07-02T21:51:36",            "subject": "EHTFT1",            "utime": "2012-07-09T02:07:37"        },        "model": "base.message",        "pk": 31    },    {        "fields": {            "body": "6FBJER",            "ctime": "2012-07-02T21:51:36",            "subject": "EHTFT1",            "utime": "2012-07-09T02:07:37"        },        "model": "base.message",        "pk": 32    },    {        "fields": {            "body": "",            "ctime": "2012-07-02T21:51:36",            "subject": "9",            "utime": "2012-07-02T21:51:36"        },        "model": "base.message",        "pk": 33    },    {        "fields": {            "body": "",            "ctime": "2012-07-02T21:51:36",            "subject": "10",            "utime": "2012-07-02T21:51:36"        },        "model": "base.message",        "pk": 34    },    {        "fields": {            "body": "",            "ctime": "2012-07-02T21:51:36",            "subject": "11",            "utime": "2012-07-02T21:51:36"        },        "model": "base.message",        "pk": 35    },    {        "fields": {            "body": "",            "ctime": "2012-07-02T21:51:36",            "subject": "12",            "utime": "2012-07-02T21:51:36"        },        "model": "base.message",        "pk": 36    },    {        "fields": {            "body": "",            "ctime": "2012-07-02T21:51:36",            "subject": "13",            "utime": "2012-07-02T21:51:36"        },        "model": "base.message",        "pk": 37    },    {        "fields": {            "body": "",            "ctime": "2012-07-02T21:51:36",            "subject": "14",            "utime": "2012-07-02T21:51:36"        },        "model": "base.message",        "pk": 38    },    {        "fields": {            "body": "",            "ctime": "2012-07-02T21:51:36",            "subject": "15",            "utime": "2012-07-02T21:51:36"        },        "model": "base.message",        "pk": 39    },    {        "fields": {            "body": "",            "ctime": "2012-07-02T21:51:36",            "subject": "16",            "utime": "2012-07-02T21:51:36"        },        "model": "base.message",        "pk": 40    },    {        "fields": {            "body": "",            "ctime": "2012-07-02T21:51:36",            "subject": "17",            "utime": "2012-07-02T21:51:36"        },        "model": "base.message",        "pk": 41    },    {        "fields": {            "body": "",            "ctime": "2012-07-02T21:51:36",            "subject": "18",            "utime": "2012-07-02T21:51:36"        },        "model": "base.message",        "pk": 42    },    {        "fields": {            "body": "",            "ctime": "2012-07-02T21:51:36",            "subject": "19",            "utime": "2012-07-02T21:51:36"        },        "model": "base.message",        "pk": 43    },    {        "fields": {            "body": "",            "ctime": "2012-07-02T21:51:36",            "subject": "20",            "utime": "2012-07-02T21:51:36"        },        "model": "base.message",        "pk": 44    },    {        "fields": {            "body": "",            "ctime": "2012-07-02T21:51:36",            "subject": "21",            "utime": "2012-07-02T21:51:36"        },        "model": "base.message",        "pk": 45    },    {        "fields": {            "body": "",            "ctime": "2012-07-02T21:51:36",            "subject": "22",            "utime": "2012-07-02T21:51:36"        },        "model": "base.message",        "pk": 46    },    {        "fields": {            "body": "",            "ctime": "2012-07-02T21:51:36",            "subject": "23",            "utime": "2012-07-02T21:51:36"        },        "model": "base.message",        "pk": 47    },    {        "fields": {            "body": "",            "ctime": "2012-07-02T21:51:36",            "subject": "24",            "utime": "2012-07-02T21:51:36"        },        "model": "base.message",        "pk": 48    },    {        "fields": {            "body": "",            "ctime": "2012-07-02T21:51:36",            "subject": "25",            "utime": "2012-07-02T21:51:36"        },        "model": "base.message",        "pk": 49    },    {        "fields": {            "body": "",            "ctime": "2012-07-02T21:51:36",            "subject": "26",            "utime": "2012-07-02T21:51:36"        },        "model": "base.message",        "pk": 50    },    {        "fields": {            "body": "",            "ctime": "2012-07-02T21:51:36",            "subject": "27",            "utime": "2012-07-02T21:51:36"        },        "model": "base.message",        "pk": 51    },    {        "fields": {            "body": "",            "ctime": "2012-07-02T21:51:36",            "subject": "28",            "utime": "2012-07-02T21:51:36"        },        "model": "base.message",        "pk": 52    },    {        "fields": {            "body": "",            "ctime": "2012-07-02T21:51:36",            "subject": "29",            "utime": "2012-07-02T21:51:36"        },        "model": "base.message",        "pk": 53    },    {        "fields": {            "body": "",            "ctime": "2012-07-02T21:51:36",            "subject": "30",            "utime": "2012-07-02T21:51:36"        },        "model": "base.message",        "pk": 54    },    {        "fields": {            "body": "",            "ctime": "2012-07-02T21:51:36",            "subject": "31",            "utime": "2012-07-02T21:51:36"        },        "model": "base.message",        "pk": 55    },    {        "fields": {            "body": "",            "ctime": "2012-07-02T21:51:36",            "subject": "32",            "utime": "2012-07-02T21:51:36"        },        "model": "base.message",        "pk": 56    },    {        "fields": {            "body": "",            "ctime": "2012-07-02T21:51:36",            "subject": "33",            "utime": "2012-07-02T21:51:36"        },        "model": "base.message",        "pk": 57    },    {        "fields": {            "body": "",            "ctime": "2012-07-02T21:51:36",            "subject": "34",            "utime": "2012-07-02T21:51:36"        },        "model": "base.message",        "pk": 58    },    {        "fields": {            "body": "",            "ctime": "2012-07-02T21:51:36",            "subject": "35",            "utime": "2012-07-02T21:51:36"        },        "model": "base.message",        "pk": 59    },    {        "fields": {            "body": "",            "ctime": "2012-07-02T21:51:36",            "subject": "36",            "utime": "2012-07-02T21:51:36"        },        "model": "base.message",        "pk": 60    },    {        "fields": {            "body": "",            "ctime": "2012-07-02T21:51:36",            "subject": "37",            "utime": "2012-07-02T21:51:36"        },        "model": "base.message",        "pk": 61    },    {        "fields": {            "body": "",            "ctime": "2012-07-02T21:51:36",            "subject": "38",            "utime": "2012-07-02T21:51:36"        },        "model": "base.message",        "pk": 62    },    {        "fields": {            "body": "",            "ctime": "2012-07-02T21:51:36",            "subject": "39",            "utime": "2012-07-02T21:51:36"        },        "model": "base.message",        "pk": 63    },    {        "fields": {            "body": "",            "ctime": "2012-07-02T21:51:36",            "subject": "40",            "utime": "2012-07-02T21:51:36"        },        "model": "base.message",        "pk": 64    },    {        "fields": {            "body": "",            "ctime": "2012-07-02T21:51:36",            "subject": "41",            "utime": "2012-07-02T21:51:36"        },        "model": "base.message",        "pk": 65    },    {        "fields": {            "body": "",            "ctime": "2012-07-02T21:51:36",            "subject": "42",            "utime": "2012-07-02T21:51:36"        },        "model": "base.message",        "pk": 66    },    {        "fields": {            "body": "",            "ctime": "2012-07-02T21:51:36",            "subject": "43",            "utime": "2012-07-02T21:51:36"        },        "model": "base.message",        "pk": 67    },    {        "fields": {            "body": "",            "ctime": "2012-07-02T21:51:36",            "subject": "44",            "utime": "2012-07-02T21:51:36"        },        "model": "base.message",        "pk": 68    },    {        "fields": {            "body": "",            "ctime": "2012-07-02T21:51:36",            "subject": "45",            "utime": "2012-07-02T21:51:36"        },        "model": "base.message",        "pk": 69    },    {        "fields": {            "body": "",            "ctime": "2012-07-02T21:51:36",            "subject": "46",            "utime": "2012-07-02T21:51:36"        },        "model": "base.message",        "pk": 70    },    {        "fields": {            "body": "",            "ctime": "2012-07-02T21:51:36",            "subject": "47",            "utime": "2012-07-02T21:51:36"        },        "model": "base.message",        "pk": 71    },    {        "fields": {            "body": "",            "ctime": "2012-07-02T21:51:36",            "subject": "48",            "utime": "2012-07-02T21:51:36"        },        "model": "base.message",        "pk": 72    },    {        "fields": {            "body": "",            "ctime": "2012-07-02T21:51:36",            "subject": "49",            "utime": "2012-07-02T21:51:36"        },        "model": "base.message",        "pk": 73    },    {        "fields": {            "body": "",            "ctime": "2012-07-02T21:51:36",            "subject": "50",            "utime": "2012-07-02T21:51:36"        },        "model": "base.message",        "pk": 74    },    {        "fields": {            "body": "",            "ctime": "2012-07-02T21:51:36",            "subject": "51",            "utime": "2012-07-02T21:51:36"        },        "model": "base.message",        "pk": 75    },    {        "fields": {            "body": "",            "ctime": "2012-07-02T21:51:36",            "subject": "52",            "utime": "2012-07-02T21:51:36"        },        "model": "base.message",        "pk": 76    },    {        "fields": {            "body": "",            "ctime": "2012-07-02T21:51:36",            "subject": "53",            "utime": "2012-07-02T21:51:36"        },        "model": "base.message",        "pk": 77    },    {        "fields": {            "body": "",            "ctime": "2012-07-02T21:51:36",            "subject": "54",            "utime": "2012-07-02T21:51:36"        },        "model": "base.message",        "pk": 78    },    {        "fields": {            "body": "",            "ctime": "2012-07-02T21:51:36",            "subject": "55",            "utime": "2012-07-02T21:51:36"        },        "model": "base.message",        "pk": 79    },    {        "fields": {            "body": "",            "ctime": "2012-07-02T21:51:36",            "subject": "56",            "utime": "2012-07-02T21:51:36"        },        "model": "base.message",        "pk": 80    },    {        "fields": {            "body": "",            "ctime": "2012-07-02T21:51:36",            "subject": "57",            "utime": "2012-07-02T21:51:36"        },        "model": "base.message",        "pk": 81    },    {        "fields": {            "body": "",            "ctime": "2012-07-02T21:51:36",            "subject": "58",            "utime": "2012-07-02T21:51:36"        },        "model": "base.message",        "pk": 82    },    {        "fields": {            "body": "",            "ctime": "2012-07-02T21:51:36",            "subject": "59",            "utime": "2012-07-02T21:51:36"        },        "model": "base.message",        "pk": 83    },    {        "fields": {            "body": "",            "ctime": "2012-07-02T21:51:36",            "subject": "60",            "utime": "2012-07-02T21:51:36"        },        "model": "base.message",        "pk": 84    },    {        "fields": {            "body": "",            "ctime": "2012-07-02T21:51:36",            "subject": "61",            "utime": "2012-07-02T21:51:36"        },        "model": "base.message",        "pk": 85    },    {        "fields": {            "body": "",            "ctime": "2012-07-02T21:51:36",            "subject": "62",            "utime": "2012-07-02T21:51:36"        },        "model": "base.message",        "pk": 86    },    {        "fields": {            "body": "",            "ctime": "2012-07-02T21:51:36",            "subject": "63",            "utime": "2012-07-02T21:51:36"        },        "model": "base.message",        "pk": 87    },    {        "fields": {            "body": "",            "ctime": "2012-07-02T21:51:36",            "subject": "64",            "utime": "2012-07-02T21:51:36"        },        "model": "base.message",        "pk": 88    },    {        "fields": {            "body": "",            "ctime": "2012-07-02T21:51:36",            "subject": "65",            "utime": "2012-07-02T21:51:36"        },        "model": "base.message",        "pk": 89    },    {        "fields": {            "body": "",            "ctime": "2012-07-02T21:51:36",            "subject": "66",            "utime": "2012-07-02T21:51:36"        },        "model": "base.message",        "pk": 90    },    {        "fields": {            "body": "",            "ctime": "2012-07-02T21:51:36",            "subject": "67",            "utime": "2012-07-02T21:51:36"        },        "model": "base.message",        "pk": 91    },    {        "fields": {            "body": "",            "ctime": "2012-07-02T21:51:36",            "subject": "68",            "utime": "2012-07-02T21:51:36"        },        "model": "base.message",        "pk": 92    },    {        "fields": {            "body": "",            "ctime": "2012-07-02T21:51:36",            "subject": "69",            "utime": "2012-07-02T21:51:36"        },        "model": "base.message",        "pk": 93    },    {        "fields": {            "body": "",            "ctime": "2012-07-02T21:51:36",            "subject": "70",            "utime": "2012-07-02T21:51:36"        },        "model": "base.message",        "pk": 94    },    {        "fields": {            "body": "",            "ctime": "2012-07-02T21:51:36",            "subject": "71",            "utime": "2012-07-02T21:51:36"        },        "model": "base.message",        "pk": 95    },    {        "fields": {            "ctime": "2012-07-02T21:52:31",            "inbox": 1,            "mailfrom": null,            "message": 5,            "read": null,            "utime": "2012-07-02T21:52:31"        },        "model": "base.inboxmessage",        "pk": 1    },    {        "fields": {            "ctime": "2012-07-02T21:52:31",            "inbox": 1,            "mailfrom": null,            "message": 6,            "read": null,            "utime": "2012-07-02T21:52:31"        },        "model": "base.inboxmessage",        "pk": 2    },    {        "fields": {            "ctime": "2012-07-02T21:52:31",            "inbox": 1,            "mailfrom": null,            "message": 7,            "read": null,            "utime": "2012-07-02T21:52:31"        },        "model": "base.inboxmessage",        "pk": 3    },    {        "fields": {            "ctime": "2012-07-02T21:52:31",            "inbox": 1,            "mailfrom": null,            "message": 8,            "read": null,            "utime": "2012-07-02T21:52:31"        },        "model": "base.inboxmessage",        "pk": 4    },    {        "fields": {            "ctime": "2012-07-02T21:52:31",            "inbox": 1,            "mailfrom": null,            "message": 9,            "read": null,            "utime": "2012-07-02T21:52:31"        },        "model": "base.inboxmessage",        "pk": 5    },    {        "fields": {            "ctime": "2012-07-02T21:52:31",            "inbox": 1,            "mailfrom": null,            "message": 10,            "read": null,            "utime": "2012-07-02T21:52:31"        },        "model": "base.inboxmessage",        "pk": 6    },    {        "fields": {            "ctime": "2012-07-02T21:52:31",            "inbox": 1,            "mailfrom": null,            "message": 11,            "read": null,            "utime": "2012-07-02T21:52:31"        },        "model": "base.inboxmessage",        "pk": 7    },    {        "fields": {            "ctime": "2012-07-02T21:52:31",            "inbox": 1,            "mailfrom": null,            "message": 12,            "read": null,            "utime": "2012-07-02T21:52:31"        },        "model": "base.inboxmessage",        "pk": 8    },    {        "fields": {            "ctime": "2012-07-02T21:52:31",            "inbox": 1,            "mailfrom": null,            "message": 13,            "read": null,            "utime": "2012-07-02T21:52:31"        },        "model": "base.inboxmessage",        "pk": 9    },    {        "fields": {            "ctime": "2012-07-02T21:52:31",            "inbox": 1,            "mailfrom": null,            "message": 14,            "read": null,            "utime": "2012-07-02T21:52:31"        },        "model": "base.inboxmessage",        "pk": 10    },    {        "fields": {            "ctime": "2012-07-02T21:52:31",            "inbox": 1,            "mailfrom": null,            "message": 15,            "read": null,            "utime": "2012-07-02T21:52:31"        },        "model": "base.inboxmessage",        "pk": 11    },    {        "fields": {            "ctime": "2012-07-02T21:52:31",            "inbox": 1,            "mailfrom": null,            "message": 16,            "read": null,            "utime": "2012-07-02T21:52:31"        },        "model": "base.inboxmessage",        "pk": 12    },    {        "fields": {            "ctime": "2012-07-02T21:52:31",            "inbox": 1,            "mailfrom": null,            "message": 17,            "read": null,            "utime": "2012-07-02T21:52:31"        },        "model": "base.inboxmessage",        "pk": 13    },    {        "fields": {            "ctime": "2012-07-02T21:52:31",            "inbox": 1,            "mailfrom": null,            "message": 18,            "read": null,            "utime": "2012-07-02T21:52:31"        },        "model": "base.inboxmessage",        "pk": 14    },    {        "fields": {            "ctime": "2012-07-02T21:52:31",            "inbox": 1,            "mailfrom": null,            "message": 19,            "read": null,            "utime": "2012-07-02T21:52:31"        },        "model": "base.inboxmessage",        "pk": 15    },    {        "fields": {            "ctime": "2012-07-02T21:52:31",            "inbox": 1,            "mailfrom": null,            "message": 20,            "read": null,            "utime": "2012-07-02T21:52:31"        },        "model": "base.inboxmessage",        "pk": 16    },    {        "fields": {            "ctime": "2012-07-02T21:52:31",            "inbox": 1,            "mailfrom": null,            "message": 21,            "read": null,            "utime": "2012-07-02T21:52:31"        },        "model": "base.inboxmessage",        "pk": 17    },    {        "fields": {            "ctime": "2012-07-02T21:52:31",            "inbox": 1,            "mailfrom": null,            "message": 22,            "read": null,            "utime": "2012-07-02T21:52:31"        },        "model": "base.inboxmessage",        "pk": 18    },    {        "fields": {            "ctime": "2012-07-02T21:52:31",            "inbox": 1,            "mailfrom": null,            "message": 23,            "read": null,            "utime": "2012-07-02T21:52:31"        },        "model": "base.inboxmessage",        "pk": 19    },    {        "fields": {            "ctime": "2012-07-02T21:52:31",            "inbox": 1,            "mailfrom": null,            "message": 24,            "read": null,            "utime": "2012-07-02T21:52:31"        },        "model": "base.inboxmessage",        "pk": 20    },    {        "fields": {            "ctime": "2012-07-02T21:52:31",            "inbox": 1,            "mailfrom": null,            "message": 25,            "read": null,            "utime": "2012-07-02T21:52:31"        },        "model": "base.inboxmessage",        "pk": 21    },    {        "fields": {            "ctime": "2012-07-02T21:52:31",            "inbox": 1,            "mailfrom": null,            "message": 26,            "read": null,            "utime": "2012-07-02T21:52:31"        },        "model": "base.inboxmessage",        "pk": 22    },    {        "fields": {            "ctime": "2012-07-02T21:52:31",            "inbox": 1,            "mailfrom": null,            "message": 27,            "read": null,            "utime": "2012-07-02T21:52:31"        },        "model": "base.inboxmessage",        "pk": 23    },    {        "fields": {            "ctime": "2012-07-02T21:52:31",            "inbox": 1,            "mailfrom": null,            "message": 28,            "read": null,            "utime": "2012-07-02T21:52:31"        },        "model": "base.inboxmessage",        "pk": 24    },    {        "fields": {            "ctime": "2012-07-02T21:52:31",            "inbox": 1,            "mailfrom": null,            "message": 29,            "read": null,            "utime": "2012-07-02T21:52:31"        },        "model": "base.inboxmessage",        "pk": 25    },    {        "fields": {            "ctime": "2012-07-02T21:56:28",            "inbox_message": [                1            ],            "utime": "2012-07-02T21:56:28"        },        "model": "base.inboxmessagemany",        "pk": 1    },    {        "fields": {            "ctime": "2012-07-02T21:56:28",            "inbox_message": [                2            ],            "utime": "2012-07-02T21:56:28"        },        "model": "base.inboxmessagemany",        "pk": 2    },    {        "fields": {            "ctime": "2012-07-02T21:56:28",            "inbox_message": [                3            ],            "utime": "2012-07-02T21:56:28"        },        "model": "base.inboxmessagemany",        "pk": 3    },    {        "fields": {            "ctime": "2012-07-02T21:56:28",            "inbox_message": [                4            ],            "utime": "2012-07-02T21:56:28"        },        "model": "base.inboxmessagemany",        "pk": 4    },    {        "fields": {            "ctime": "2012-07-02T21:56:28",            "inbox_message": [                5            ],            "utime": "2012-07-02T21:56:28"        },        "model": "base.inboxmessagemany",        "pk": 5    },    {        "fields": {            "ctime": "2012-07-02T21:56:28",            "inbox_message": [                6            ],            "utime": "2012-07-02T21:56:28"        },        "model": "base.inboxmessagemany",        "pk": 6    },    {        "fields": {            "ctime": "2012-07-02T21:56:28",            "inbox_message": [                7            ],            "utime": "2012-07-02T21:56:28"        },        "model": "base.inboxmessagemany",        "pk": 7    },    {        "fields": {            "ctime": "2012-07-02T21:56:28",            "inbox_message": [                8            ],            "utime": "2012-07-02T21:56:28"        },        "model": "base.inboxmessagemany",        "pk": 8    },    {        "fields": {            "ctime": "2012-07-02T21:56:28",            "inbox_message": [                9            ],            "utime": "2012-07-02T21:56:28"        },        "model": "base.inboxmessagemany",        "pk": 9    },    {        "fields": {            "ctime": "2012-07-02T21:56:28",            "inbox_message": [                10            ],            "utime": "2012-07-02T21:56:28"        },        "model": "base.inboxmessagemany",        "pk": 10    },    {        "fields": {            "ctime": "2012-07-02T21:56:28",            "inbox_message": [                11            ],            "utime": "2012-07-02T21:56:28"        },        "model": "base.inboxmessagemany",        "pk": 11    },    {        "fields": {            "ctime": "2012-07-02T21:56:28",            "inbox_message": [                12            ],            "utime": "2012-07-02T21:56:28"        },        "model": "base.inboxmessagemany",        "pk": 12    },    {        "fields": {            "ctime": "2012-07-02T21:56:28",            "inbox_message": [                13            ],            "utime": "2012-07-02T21:56:28"        },        "model": "base.inboxmessagemany",        "pk": 13    },    {        "fields": {            "ctime": "2012-07-02T21:56:28",            "inbox_message": [                14            ],            "utime": "2012-07-02T21:56:28"        },        "model": "base.inboxmessagemany",        "pk": 14    },    {        "fields": {            "ctime": "2012-07-02T21:56:28",            "inbox_message": [                15            ],            "utime": "2012-07-02T21:56:28"        },        "model": "base.inboxmessagemany",        "pk": 15    },    {        "fields": {            "ctime": "2012-07-02T21:56:28",            "inbox_message": [                16            ],            "utime": "2012-07-02T21:56:28"        },        "model": "base.inboxmessagemany",        "pk": 16    },    {        "fields": {            "ctime": "2012-07-02T21:56:28",            "inbox_message": [                17            ],            "utime": "2012-07-02T21:56:28"        },        "model": "base.inboxmessagemany",        "pk": 17    },    {        "fields": {            "ctime": "2012-07-02T21:56:28",            "inbox_message": [                18            ],            "utime": "2012-07-02T21:56:28"        },        "model": "base.inboxmessagemany",        "pk": 18    },    {        "fields": {            "ctime": "2012-07-02T21:56:28",            "inbox_message": [                19            ],            "utime": "2012-07-02T21:56:28"        },        "model": "base.inboxmessagemany",        "pk": 19    },    {        "fields": {            "ctime": "2012-07-02T21:56:28",            "inbox_message": [                20            ],            "utime": "2012-07-02T21:56:28"        },        "model": "base.inboxmessagemany",        "pk": 20    },    {        "fields": {            "ctime": "2012-07-02T21:56:28",            "inbox_message": [                21            ],            "utime": "2012-07-02T21:56:28"        },        "model": "base.inboxmessagemany",        "pk": 21    },    {        "fields": {            "ctime": "2012-07-02T21:56:28",            "inbox_message": [                22            ],            "utime": "2012-07-02T21:56:28"        },        "model": "base.inboxmessagemany",        "pk": 22    },    {        "fields": {            "ctime": "2012-07-02T21:56:28",            "inbox_message": [                23            ],            "utime": "2012-07-02T21:56:29"        },        "model": "base.inboxmessagemany",        "pk": 23    },    {        "fields": {            "ctime": "2012-07-02T21:56:29",            "inbox_message": [                24            ],            "utime": "2012-07-02T21:56:29"        },        "model": "base.inboxmessagemany",        "pk": 24    },    {        "fields": {            "ctime": "2012-07-02T21:56:29",            "inbox_message": [                25            ],            "utime": "2012-07-02T21:56:29"        },        "model": "base.inboxmessagemany",        "pk": 25    }]